build_version,client_player_map,client_submitting_data,current_level,current_round,game_id,is_moderated,is_online_exp,is_rts,room_id,timestamp,score,won,health,enemy_values,level,money,group_id
1.0.0.38,"{'1': {'element_id': -1, 'peer_id': 1, 'username': 'Admin'}, '407257654': {'element_id': 0, 'peer_id': 407257654, 'username': 'ManedWlf'}, '1176859955': {'element_id': 1, 'peer_id': 1176859955, 'username': 'tjwill'}, '1298930360': {'element_id': 2, 'peer_id': 1298930360, 'username': 'schou01'}}",1,0,0,Raptor Renegades,True,True,False,2d708265-a192-447c-a40a-0e79fcc2ed09.,1709061809.54201,0,False,0,0,0,8880,2d708265-a192-447c-a40a-0e79fcc2ed09.
1.0.0.38,"{'1': {'element_id': -1, 'peer_id': 1, 'username': 'Admin'}, '407257654': {'element_id': 0, 'peer_id': 407257654, 'username': 'ManedWlf'}, '1176859955': {'element_id': 1, 'peer_id': 1176859955, 'username': 'tjwill'}, '1298930360': {'element_id': 2, 'peer_id': 1298930360, 'username': 'schou01'}}",1,1,0,Raptor Renegades,True,True,False,2d708265-a192-447c-a40a-0e79fcc2ed09.,1709062226.50885,76900,True,10,12900,1,630,2d708265-a192-447c-a40a-0e79fcc2ed09.
1.0.0.38,"{'1': {'element_id': -1, 'peer_id': 1, 'username': 'Admin'}, '407257654': {'element_id': 0, 'peer_id': 407257654, 'username': 'ManedWlf'}, '1176859955': {'element_id': 1, 'peer_id': 1176859955, 'username': 'tjwill'}, '1298930360': {'element_id': 2, 'peer_id': 1298930360, 'username': 'schou01'}}",1,1,1,Raptor Renegades,True,True,False,2d708265-a192-447c-a40a-0e79fcc2ed09.,1709062601.0333,681300,True,9,9900,1,6705,2d708265-a192-447c-a40a-0e79fcc2ed09.
1.0.0.38,"{'1': {'element_id': -1, 'peer_id': 1, 'username': 'Admin'}, '407257654': {'element_id': 0, 'peer_id': 407257654, 'username': 'ManedWlf'}, '1176859955': {'element_id': 1, 'peer_id': 1176859955, 'username': 'tjwill'}, '1298930360': {'element_id': 2, 'peer_id': 1298930360, 'username': 'schou01'}}",1,1,2,Raptor Renegades,True,True,False,2d708265-a192-447c-a40a-0e79fcc2ed09.,1709062978.28533,22300,True,10,16800,1,45,2d708265-a192-447c-a40a-0e79fcc2ed09.
1.0.0.38,"{'1': {'element_id': -1, 'peer_id': 1, 'username': 'Admin'}, '407257654': {'element_id': 0, 'peer_id': 407257654, 'username': 'ManedWlf'}, '1176859955': {'element_id': 1, 'peer_id': 1176859955, 'username': 'tjwill'}, '1298930360': {'element_id': 2, 'peer_id': 1298930360, 'username': 'schou01'}}",1,2,0,Raptor Renegades,True,True,False,2d708265-a192-447c-a40a-0e79fcc2ed09.,1709063383.30374,2700,False,0,2700,2,7045,2d708265-a192-447c-a40a-0e79fcc2ed09.
1.0.0.38,"{'1': {'element_id': -1, 'peer_id': 1, 'username': 'Admin'}, '407257654': {'element_id': 0, 'peer_id': 407257654, 'username': 'ManedWlf'}, '1176859955': {'element_id': 1, 'peer_id': 1176859955, 'username': 'tjwill'}, '1298930360': {'element_id': 2, 'peer_id': 1298930360, 'username': 'schou01'}}",1,2,1,Raptor Renegades,True,True,False,2d708265-a192-447c-a40a-0e79fcc2ed09.,1709063797.27599,180500,True,10,33700,2,1458,2d708265-a192-447c-a40a-0e79fcc2ed09.
1.0.0.38,"{'1': {'element_id': -1, 'peer_id': 1, 'username': 'Admin'}, '407257654': {'element_id': 0, 'peer_id': 407257654, 'username': 'ManedWlf'}, '1176859955': {'element_id': 1, 'peer_id': 1176859955, 'username': 'tjwill'}, '1298930360': {'element_id': 2, 'peer_id': 1298930360, 'username': 'schou01'}}",1,2,2,Raptor Renegades,True,True,False,2d708265-a192-447c-a40a-0e79fcc2ed09.,1709064236.15779,69300,True,2,25600,2,435,2d708265-a192-447c-a40a-0e79fcc2ed09.
1.0.0.38,"{'1': {'element_id': -1, 'peer_id': 1, 'username': 'Admin'}, '407257654': {'element_id': 0, 'peer_id': 407257654, 'username': 'ManedWlf'}, '1176859955': {'element_id': 1, 'peer_id': 1176859955, 'username': 'tjwill'}, '1298930360': {'element_id': 2, 'peer_id': 1298930360, 'username': 'schou01'}}",1,3,0,Raptor Renegades,True,True,False,2d708265-a192-447c-a40a-0e79fcc2ed09.,1709064680.38968,189400,True,10,46200,3,1422,2d708265-a192-447c-a40a-0e79fcc2ed09.
1.0.0.38,"{'1': {'element_id': -1, 'peer_id': 1, 'username': 'Admin'}, '407257654': {'element_id': 0, 'peer_id': 407257654, 'username': 'ManedWlf'}, '1176859955': {'element_id': 1, 'peer_id': 1176859955, 'username': 'tjwill'}, '1298930360': {'element_id': 2, 'peer_id': 1298930360, 'username': 'schou01'}}",1,3,1,Raptor Renegades,True,True,False,2d708265-a192-447c-a40a-0e79fcc2ed09.,1709065122.56263,155600,True,10,46700,3,1079,2d708265-a192-447c-a40a-0e79fcc2ed09.
1.0.0.38,"{'1': {'element_id': -1, 'peer_id': 1, 'username': 'Admin'}, '407257654': {'element_id': 0, 'peer_id': 407257654, 'username': 'ManedWlf'}, '1176859955': {'element_id': 1, 'peer_id': 1176859955, 'username': 'tjwill'}, '1298930360': {'element_id': 2, 'peer_id': 1298930360, 'username': 'schou01'}}",1,3,2,Raptor Renegades,True,True,False,2d708265-a192-447c-a40a-0e79fcc2ed09.,1709065556.97627,57000,True,10,55400,3,6,2d708265-a192-447c-a40a-0e79fcc2ed09.
1.0.0.40,"{'1': {'element_id': -1, 'peer_id': 1, 'username': 'Admin'}, '492639449': {'element_id': 0, 'peer_id': 492639449, 'username': 'aloebunn'}, '1380729800': {'element_id': 2, 'peer_id': 1380729800, 'username': 'william'}, '1734319480': {'element_id': 1, 'peer_id': 1734319480, 'username': 'junlin'}}",1,0,0,taiwan numba 1,True,True,False,aad53e89-3f50-4c3d-aff2-95ab0c1e6462.,1709349730.68258,0,False,0,0,0,9540,aad53e89-3f50-4c3d-aff2-95ab0c1e6462.
1.0.0.40,"{'1': {'element_id': -1, 'peer_id': 1, 'username': 'Admin'}, '492639449': {'element_id': 0, 'peer_id': 492639449, 'username': 'aloebunn'}, '1380729800': {'element_id': 2, 'peer_id': 1380729800, 'username': 'william'}, '1734319480': {'element_id': 1, 'peer_id': 1734319480, 'username': 'junlin'}}",1,1,0,taiwan numba 1,True,True,False,aad53e89-3f50-4c3d-aff2-95ab0c1e6462.,1709350041.29496,16500,True,10,14500,1,10,aad53e89-3f50-4c3d-aff2-95ab0c1e6462.
1.0.0.40,"{'1': {'element_id': -1, 'peer_id': 1, 'username': 'Admin'}, '492639449': {'element_id': 0, 'peer_id': 492639449, 'username': 'aloebunn'}, '1380729800': {'element_id': 2, 'peer_id': 1380729800, 'username': 'william'}, '1734319480': {'element_id': 1, 'peer_id': 1734319480, 'username': 'junlin'}}",1,1,1,taiwan numba 1,True,True,False,aad53e89-3f50-4c3d-aff2-95ab0c1e6462.,1709350232.86978,557500,True,10,18000,1,5385,aad53e89-3f50-4c3d-aff2-95ab0c1e6462.
1.0.0.40,"{'1': {'element_id': -1, 'peer_id': 1, 'username': 'Admin'}, '492639449': {'element_id': 0, 'peer_id': 492639449, 'username': 'aloebunn'}, '1380729800': {'element_id': 2, 'peer_id': 1380729800, 'username': 'william'}, '1734319480': {'element_id': 1, 'peer_id': 1734319480, 'username': 'junlin'}}",1,1,2,taiwan numba 1,True,True,False,aad53e89-3f50-4c3d-aff2-95ab0c1e6462.,1709350382.27046,1261800,True,10,17300,1,12435,aad53e89-3f50-4c3d-aff2-95ab0c1e6462.
1.0.0.40,"{'1': {'element_id': -1, 'peer_id': 1, 'username': 'Admin'}, '492639449': {'element_id': 0, 'peer_id': 492639449, 'username': 'aloebunn'}, '1380729800': {'element_id': 2, 'peer_id': 1380729800, 'username': 'william'}, '1734319480': {'element_id': 1, 'peer_id': 1734319480, 'username': 'junlin'}}",1,2,0,taiwan numba 1,True,True,False,aad53e89-3f50-4c3d-aff2-95ab0c1e6462.,1709350626.95307,1700,False,0,1700,2,13295,aad53e89-3f50-4c3d-aff2-95ab0c1e6462.
1.0.0.40,"{'1': {'element_id': -1, 'peer_id': 1, 'username': 'Admin'}, '492639449': {'element_id': 0, 'peer_id': 492639449, 'username': 'aloebunn'}, '1380729800': {'element_id': 2, 'peer_id': 1380729800, 'username': 'william'}, '1734319480': {'element_id': 1, 'peer_id': 1734319480, 'username': 'junlin'}}",1,2,1,taiwan numba 1,True,True,False,aad53e89-3f50-4c3d-aff2-95ab0c1e6462.,1709350837.54816,519800,True,10,26300,2,4925,aad53e89-3f50-4c3d-aff2-95ab0c1e6462.
1.0.0.40,"{'1': {'element_id': -1, 'peer_id': 1, 'username': 'Admin'}, '492639449': {'element_id': 0, 'peer_id': 492639449, 'username': 'aloebunn'}, '1380729800': {'element_id': 2, 'peer_id': 1380729800, 'username': 'william'}, '1734319480': {'element_id': 1, 'peer_id': 1734319480, 'username': 'junlin'}}",1,2,2,taiwan numba 1,True,True,False,aad53e89-3f50-4c3d-aff2-95ab0c1e6462.,1709351010.72056,4500,False,0,4500,2,10815,aad53e89-3f50-4c3d-aff2-95ab0c1e6462.
1.0.0.40,"{'1': {'element_id': -1, 'peer_id': 1, 'username': 'Admin'}, '492639449': {'element_id': 0, 'peer_id': 492639449, 'username': 'aloebunn'}, '1380729800': {'element_id': 2, 'peer_id': 1380729800, 'username': 'william'}, '1734319480': {'element_id': 1, 'peer_id': 1734319480, 'username': 'junlin'}}",1,3,0,taiwan numba 1,True,True,False,aad53e89-3f50-4c3d-aff2-95ab0c1e6462.,1709351310.48169,1677400,True,10,35300,3,16411,aad53e89-3f50-4c3d-aff2-95ab0c1e6462.
1.0.0.40,"{'1': {'element_id': -1, 'peer_id': 1, 'username': 'Admin'}, '492639449': {'element_id': 0, 'peer_id': 492639449, 'username': 'aloebunn'}, '1380729800': {'element_id': 2, 'peer_id': 1380729800, 'username': 'william'}, '1734319480': {'element_id': 1, 'peer_id': 1734319480, 'username': 'junlin'}}",1,3,1,taiwan numba 1,True,True,False,aad53e89-3f50-4c3d-aff2-95ab0c1e6462.,1709351524.61548,1897300,True,10,35800,3,18605,aad53e89-3f50-4c3d-aff2-95ab0c1e6462.
1.0.0.40,"{'1': {'element_id': -1, 'peer_id': 1, 'username': 'Admin'}, '492639449': {'element_id': 0, 'peer_id': 492639449, 'username': 'aloebunn'}, '1380729800': {'element_id': 2, 'peer_id': 1380729800, 'username': 'william'}, '1734319480': {'element_id': 1, 'peer_id': 1734319480, 'username': 'junlin'}}",1,3,2,taiwan numba 1,True,True,False,aad53e89-3f50-4c3d-aff2-95ab0c1e6462.,1709351688.72201,2410500,True,10,38700,3,23708,aad53e89-3f50-4c3d-aff2-95ab0c1e6462.
1.0.0.40,"{'1': {'element_id': -1, 'peer_id': 1, 'username': 'Admin'}, '561505447': {'element_id': 3, 'peer_id': 561505447, 'username': 'omar'}, '730259999': {'element_id': 2, 'peer_id': 730259999, 'username': 'oobma'}, '1177530974': {'element_id': 0, 'peer_id': 1177530974, 'username': 'Mundert'}, '2043587707': {'element_id': 1, 'peer_id': 2043587707, 'username': 'TommyVCT'}}",1,0,0,Celestial Cyclone ,True,True,False,b8168c67-58d2-4544-a35a-9e2e870a462d.,1709435877.4151,284400,True,5,900,0,2830,acd69422-0beb-406d-9403-8ff7b0201db9.
1.0.0.40,"{'1': {'element_id': -1, 'peer_id': 1, 'username': 'Admin'}, '561505447': {'element_id': 3, 'peer_id': 561505447, 'username': 'omar'}, '730259999': {'element_id': 2, 'peer_id': 730259999, 'username': 'oobma'}, '1177530974': {'element_id': 0, 'peer_id': 1177530974, 'username': 'Mundert'}, '2043587707': {'element_id': 1, 'peer_id': 2043587707, 'username': 'TommyVCT'}}",1,1,0,Celestial Cyclone ,True,True,False,b8168c67-58d2-4544-a35a-9e2e870a462d.,1709436223.55298,24300,True,10,17800,1,55,acd69422-0beb-406d-9403-8ff7b0201db9.
1.0.0.40,"{'1': {'element_id': -1, 'peer_id': 1, 'username': 'Admin'}, '561505447': {'element_id': 3, 'peer_id': 561505447, 'username': 'omar'}, '730259999': {'element_id': 2, 'peer_id': 730259999, 'username': 'oobma'}, '1177530974': {'element_id': 0, 'peer_id': 1177530974, 'username': 'Mundert'}, '2043587707': {'element_id': 1, 'peer_id': 2043587707, 'username': 'TommyVCT'}}",1,1,1,Celestial Cyclone ,True,True,False,b8168c67-58d2-4544-a35a-9e2e870a462d.,1709436606.05628,858200,True,10,14700,1,8425,acd69422-0beb-406d-9403-8ff7b0201db9.
1.0.0.40,"{'1': {'element_id': -1, 'peer_id': 1, 'username': 'Admin'}, '561505447': {'element_id': 3, 'peer_id': 561505447, 'username': 'omar'}, '730259999': {'element_id': 2, 'peer_id': 730259999, 'username': 'oobma'}, '1177530974': {'element_id': 0, 'peer_id': 1177530974, 'username': 'Mundert'}, '2043587707': {'element_id': 1, 'peer_id': 2043587707, 'username': 'TommyVCT'}}",1,1,2,Celestial Cyclone ,True,True,False,b8168c67-58d2-4544-a35a-9e2e870a462d.,1709436825.82698,1055000,True,10,15000,1,10390,acd69422-0beb-406d-9403-8ff7b0201db9.
1.0.0.40,"{'1': {'element_id': -1, 'peer_id': 1, 'username': 'Admin'}, '978449697': {'element_id': 1, 'peer_id': 978449697, 'username': 'oobma'}, '1359485360': {'element_id': 2, 'peer_id': 1359485360, 'username': 'Mundert'}, '1688216686': {'element_id': 3, 'peer_id': 1688216686, 'username': 'TommyVCT'}, '2088282463': {'element_id': 0, 'peer_id': 2088282463, 'username': 'omar'}}",1,2,0,Celestial Cyclones 2,True,True,False,acd69422-0beb-406d-9403-8ff7b0201db9.,1709437602.86544,1415400,True,10,69300,2,13451,acd69422-0beb-406d-9403-8ff7b0201db9.
1.0.0.40,"{'1': {'element_id': -1, 'peer_id': 1, 'username': 'Admin'}, '978449697': {'element_id': 1, 'peer_id': 978449697, 'username': 'oobma'}, '1359485360': {'element_id': 2, 'peer_id': 1359485360, 'username': 'Mundert'}, '1688216686': {'element_id': 3, 'peer_id': 1688216686, 'username': 'TommyVCT'}, '2088282463': {'element_id': 0, 'peer_id': 2088282463, 'username': 'omar'}}",1,2,1,Celestial Cyclones 2,True,True,False,acd69422-0beb-406d-9403-8ff7b0201db9.,1709437998.5163,1554900,True,10,58500,2,14954,acd69422-0beb-406d-9403-8ff7b0201db9.
1.0.0.40,"{'1': {'element_id': -1, 'peer_id': 1, 'username': 'Admin'}, '978449697': {'element_id': 1, 'peer_id': 978449697, 'username': 'oobma'}, '1359485360': {'element_id': 2, 'peer_id': 1359485360, 'username': 'Mundert'}, '1688216686': {'element_id': 3, 'peer_id': 1688216686, 'username': 'TommyVCT'}, '2088282463': {'element_id': 0, 'peer_id': 2088282463, 'username': 'omar'}}",1,2,2,Celestial Cyclones 2,True,True,False,acd69422-0beb-406d-9403-8ff7b0201db9.,1709438222.94402,1979500,True,10,49400,2,19291,acd69422-0beb-406d-9403-8ff7b0201db9.
1.0.0.40,"{'1': {'element_id': -1, 'peer_id': 1, 'username': 'Admin'}, '978449697': {'element_id': 1, 'peer_id': 978449697, 'username': 'oobma'}, '1359485360': {'element_id': 2, 'peer_id': 1359485360, 'username': 'Mundert'}, '1688216686': {'element_id': 3, 'peer_id': 1688216686, 'username': 'TommyVCT'}, '2088282463': {'element_id': 0, 'peer_id': 2088282463, 'username': 'omar'}}",1,3,0,Celestial Cyclones 2,True,True,False,acd69422-0beb-406d-9403-8ff7b0201db9.,1709438624.65203,0,False,0,0,3,21109,acd69422-0beb-406d-9403-8ff7b0201db9.
1.0.0.40,"{'1': {'element_id': -1, 'peer_id': 1, 'username': 'Admin'}, '321617584': {'element_id': 1, 'peer_id': 321617584, 'username': 'oobma'}, '993629743': {'element_id': 0, 'peer_id': 993629743, 'username': 'omar'}, '1289892701': {'element_id': 3, 'peer_id': 1289892701, 'username': 'TommyVCT'}, '1363950772': {'element_id': 2, 'peer_id': 1363950772, 'username': 'Mundert'}}",1,3,1,Celestial Cyclones 3,True,True,False,fb5c2987-f328-4082-a64f-fd71755f5970.,1709438986.73559,7500,False,0,7500,3,20684,acd69422-0beb-406d-9403-8ff7b0201db9.
1.0.0.40,"{'1': {'element_id': -1, 'peer_id': 1, 'username': 'Admin'}, '321617584': {'element_id': 1, 'peer_id': 321617584, 'username': 'oobma'}, '993629743': {'element_id': 0, 'peer_id': 993629743, 'username': 'omar'}, '1289892701': {'element_id': 3, 'peer_id': 1289892701, 'username': 'TommyVCT'}, '1363950772': {'element_id': 2, 'peer_id': 1363950772, 'username': 'Mundert'}}",1,3,2,Celestial Cyclones 3,True,True,False,fb5c2987-f328-4082-a64f-fd71755f5970.,1709439335.42041,2222400,True,10,48200,3,21732,acd69422-0beb-406d-9403-8ff7b0201db9.
1.0.0.40,"{'1': {'element_id': -1, 'peer_id': 1, 'username': 'Admin'}, '66626186': {'element_id': 0, 'peer_id': 66626186, 'username': '4lina'}, '624037572': {'element_id': 1, 'peer_id': 624037572, 'username': 'Brentney'}, '1105202238': {'element_id': 2, 'peer_id': 1105202238, 'username': 'G3DD0N'}}",1,0,0,Velocity Vipers,True,True,False,52a77b51-608b-4943-9a1d-76aefe28bd19.,1711398617.41516,0,False,0,0,0,7880,52a77b51-608b-4943-9a1d-76aefe28bd19.
1.0.0.40,"{'1': {'element_id': -1, 'peer_id': 1, 'username': 'Admin'}, '66626186': {'element_id': 0, 'peer_id': 66626186, 'username': '4lina'}, '624037572': {'element_id': 1, 'peer_id': 624037572, 'username': 'Brentney'}, '1105202238': {'element_id': 2, 'peer_id': 1105202238, 'username': 'G3DD0N'}}",1,1,0,Velocity Vipers,True,True,False,52a77b51-608b-4943-9a1d-76aefe28bd19.,1711399056.18633,14600,True,10,11600,1,20,52a77b51-608b-4943-9a1d-76aefe28bd19.
1.0.0.40,"{'1': {'element_id': -1, 'peer_id': 1, 'username': 'Admin'}, '66626186': {'element_id': 0, 'peer_id': 66626186, 'username': '4lina'}, '624037572': {'element_id': 1, 'peer_id': 624037572, 'username': 'Brentney'}, '1105202238': {'element_id': 2, 'peer_id': 1105202238, 'username': 'G3DD0N'}}",1,1,1,Velocity Vipers,True,True,False,52a77b51-608b-4943-9a1d-76aefe28bd19.,1711399412.1658,738100,True,10,15600,1,7215,52a77b51-608b-4943-9a1d-76aefe28bd19.
1.0.0.40,"{'1': {'element_id': -1, 'peer_id': 1, 'username': 'Admin'}, '66626186': {'element_id': 0, 'peer_id': 66626186, 'username': '4lina'}, '624037572': {'element_id': 1, 'peer_id': 624037572, 'username': 'Brentney'}, '1105202238': {'element_id': 2, 'peer_id': 1105202238, 'username': 'G3DD0N'}}",1,1,2,Velocity Vipers,True,True,False,52a77b51-608b-4943-9a1d-76aefe28bd19.,1711399680.44662,1095000,True,10,13000,1,10810,52a77b51-608b-4943-9a1d-76aefe28bd19.
1.0.0.40,"{'1': {'element_id': -1, 'peer_id': 1, 'username': 'Admin'}, '66626186': {'element_id': 0, 'peer_id': 66626186, 'username': '4lina'}, '624037572': {'element_id': 1, 'peer_id': 624037572, 'username': 'Brentney'}, '1105202238': {'element_id': 2, 'peer_id': 1105202238, 'username': 'G3DD0N'}}",1,2,0,Velocity Vipers,True,True,False,52a77b51-608b-4943-9a1d-76aefe28bd19.,1711400113.77234,1765000,True,9,21800,2,17423,52a77b51-608b-4943-9a1d-76aefe28bd19.
1.0.0.40,"{'1': {'element_id': -1, 'peer_id': 1, 'username': 'Admin'}, '66626186': {'element_id': 0, 'peer_id': 66626186, 'username': '4lina'}, '624037572': {'element_id': 1, 'peer_id': 624037572, 'username': 'Brentney'}, '1105202238': {'element_id': 2, 'peer_id': 1105202238, 'username': 'G3DD0N'}}",1,2,1,Velocity Vipers,True,True,False,52a77b51-608b-4943-9a1d-76aefe28bd19.,1711400529.80629,8400,False,0,8400,2,18460,52a77b51-608b-4943-9a1d-76aefe28bd19.
1.0.0.40,"{'1': {'element_id': -1, 'peer_id': 1, 'username': 'Admin'}, '66626186': {'element_id': 0, 'peer_id': 66626186, 'username': '4lina'}, '624037572': {'element_id': 1, 'peer_id': 624037572, 'username': 'Brentney'}, '1105202238': {'element_id': 2, 'peer_id': 1105202238, 'username': 'G3DD0N'}}",1,2,2,Velocity Vipers,True,True,False,52a77b51-608b-4943-9a1d-76aefe28bd19.,1711400964.76414,1847400,True,10,21400,2,18250,52a77b51-608b-4943-9a1d-76aefe28bd19.
1.0.0.40,"{'1': {'element_id': -1, 'peer_id': 1, 'username': 'Admin'}, '66626186': {'element_id': 0, 'peer_id': 66626186, 'username': '4lina'}, '624037572': {'element_id': 1, 'peer_id': 624037572, 'username': 'Brentney'}, '1105202238': {'element_id': 2, 'peer_id': 1105202238, 'username': 'G3DD0N'}}",1,3,0,Velocity Vipers,True,True,False,52a77b51-608b-4943-9a1d-76aefe28bd19.,1711401397.97251,11600,False,0,11600,3,19331,52a77b51-608b-4943-9a1d-76aefe28bd19.
1.0.0.40,"{'1': {'element_id': -1, 'peer_id': 1, 'username': 'Admin'}, '66626186': {'element_id': 0, 'peer_id': 66626186, 'username': '4lina'}, '624037572': {'element_id': 1, 'peer_id': 624037572, 'username': 'Brentney'}, '1105202238': {'element_id': 2, 'peer_id': 1105202238, 'username': 'G3DD0N'}}",1,3,1,Velocity Vipers,True,True,False,52a77b51-608b-4943-9a1d-76aefe28bd19.,1711401834.82746,11600,False,0,11600,3,14774,52a77b51-608b-4943-9a1d-76aefe28bd19.
1.0.0.40,"{'1': {'element_id': -1, 'peer_id': 1, 'username': 'Admin'}, '66626186': {'element_id': 0, 'peer_id': 66626186, 'username': '4lina'}, '624037572': {'element_id': 1, 'peer_id': 624037572, 'username': 'Brentney'}, '1105202238': {'element_id': 2, 'peer_id': 1105202238, 'username': 'G3DD0N'}}",1,3,2,Velocity Vipers,True,True,False,52a77b51-608b-4943-9a1d-76aefe28bd19.,1711402277.26181,24800,False,0,24800,3,14520,52a77b51-608b-4943-9a1d-76aefe28bd19.
1.0.0.40,"{'1': {'element_id': -1, 'peer_id': 1, 'username': 'Admin'}, '208419974': {'element_id': 2, 'peer_id': 208419974, 'username': 'ryup'}, '1331292983': {'element_id': 1, 'peer_id': 1331292983, 'username': 'rilakuma'}, '2056525103': {'element_id': 0, 'peer_id': 2056525103, 'username': 'abigail'}}",1,0,0,Nebulous Nomads,True,True,False,9a182fb0-51c7-4609-bcfa-f4b9821bf8a5.,1711417195.43028,3300,True,6,1700,0,10,9a182fb0-51c7-4609-bcfa-f4b9821bf8a5.
1.0.0.40,"{'1': {'element_id': -1, 'peer_id': 1, 'username': 'Admin'}, '208419974': {'element_id': 2, 'peer_id': 208419974, 'username': 'ryup'}, '1331292983': {'element_id': 1, 'peer_id': 1331292983, 'username': 'rilakuma'}, '2056525103': {'element_id': 0, 'peer_id': 2056525103, 'username': 'abigail'}}",1,1,0,Nebulous Nomads,True,True,False,9a182fb0-51c7-4609-bcfa-f4b9821bf8a5.,1711417618.99437,5700,False,0,5700,1,400,9a182fb0-51c7-4609-bcfa-f4b9821bf8a5.
1.0.0.40,"{'1': {'element_id': -1, 'peer_id': 1, 'username': 'Admin'}, '208419974': {'element_id': 2, 'peer_id': 208419974, 'username': 'ryup'}, '1331292983': {'element_id': 1, 'peer_id': 1331292983, 'username': 'rilakuma'}, '2056525103': {'element_id': 0, 'peer_id': 2056525103, 'username': 'abigail'}}",1,1,1,Nebulous Nomads,True,True,False,9a182fb0-51c7-4609-bcfa-f4b9821bf8a5.,1711417984.45487,4000,True,3,2700,1,10,9a182fb0-51c7-4609-bcfa-f4b9821bf8a5.
1.0.0.40,"{'1': {'element_id': -1, 'peer_id': 1, 'username': 'Admin'}, '208419974': {'element_id': 2, 'peer_id': 208419974, 'username': 'ryup'}, '1331292983': {'element_id': 1, 'peer_id': 1331292983, 'username': 'rilakuma'}, '2056525103': {'element_id': 0, 'peer_id': 2056525103, 'username': 'abigail'}}",1,1,2,Nebulous Nomads,True,True,False,9a182fb0-51c7-4609-bcfa-f4b9821bf8a5.,1711418362.41493,11100,True,10,9600,1,5,9a182fb0-51c7-4609-bcfa-f4b9821bf8a5.
1.0.0.40,"{'1': {'element_id': -1, 'peer_id': 1, 'username': 'Admin'}, '208419974': {'element_id': 2, 'peer_id': 208419974, 'username': 'ryup'}, '1331292983': {'element_id': 1, 'peer_id': 1331292983, 'username': 'rilakuma'}, '2056525103': {'element_id': 0, 'peer_id': 2056525103, 'username': 'abigail'}}",1,2,0,Nebulous Nomads,True,True,False,9a182fb0-51c7-4609-bcfa-f4b9821bf8a5.,1711418804.19305,23100,True,6,20900,2,16,9a182fb0-51c7-4609-bcfa-f4b9821bf8a5.
1.0.0.40,"{'1': {'element_id': -1, 'peer_id': 1, 'username': 'Admin'}, '208419974': {'element_id': 2, 'peer_id': 208419974, 'username': 'ryup'}, '1331292983': {'element_id': 1, 'peer_id': 1331292983, 'username': 'rilakuma'}, '2056525103': {'element_id': 0, 'peer_id': 2056525103, 'username': 'abigail'}}",1,2,1,Nebulous Nomads,True,True,False,9a182fb0-51c7-4609-bcfa-f4b9821bf8a5.,1711419107.56068,22800,True,10,20800,2,10,9a182fb0-51c7-4609-bcfa-f4b9821bf8a5.
1.0.0.40,"{'1': {'element_id': -1, 'peer_id': 1, 'username': 'Admin'}, '208419974': {'element_id': 2, 'peer_id': 208419974, 'username': 'ryup'}, '1331292983': {'element_id': 1, 'peer_id': 1331292983, 'username': 'rilakuma'}, '2056525103': {'element_id': 0, 'peer_id': 2056525103, 'username': 'abigail'}}",1,2,2,Nebulous Nomads,True,True,False,9a182fb0-51c7-4609-bcfa-f4b9821bf8a5.,1711419497.11458,22400,True,10,20600,2,8,9a182fb0-51c7-4609-bcfa-f4b9821bf8a5.
1.0.0.40,"{'1': {'element_id': -1, 'peer_id': 1, 'username': 'Admin'}, '208419974': {'element_id': 2, 'peer_id': 208419974, 'username': 'ryup'}, '1331292983': {'element_id': 1, 'peer_id': 1331292983, 'username': 'rilakuma'}, '2056525103': {'element_id': 0, 'peer_id': 2056525103, 'username': 'abigail'}}",1,3,0,Nebulous Nomads,True,True,False,9a182fb0-51c7-4609-bcfa-f4b9821bf8a5.,1711419862.1965,84600,True,10,33900,3,497,9a182fb0-51c7-4609-bcfa-f4b9821bf8a5.
1.0.0.40,"{'1': {'element_id': -1, 'peer_id': 1, 'username': 'Admin'}, '208419974': {'element_id': 2, 'peer_id': 208419974, 'username': 'ryup'}, '1331292983': {'element_id': 1, 'peer_id': 1331292983, 'username': 'rilakuma'}, '2056525103': {'element_id': 0, 'peer_id': 2056525103, 'username': 'abigail'}}",1,3,1,Nebulous Nomads,True,True,False,9a182fb0-51c7-4609-bcfa-f4b9821bf8a5.,1711420213.69596,76200,True,10,45300,3,299,9a182fb0-51c7-4609-bcfa-f4b9821bf8a5.
1.0.0.40,"{'1': {'element_id': -1, 'peer_id': 1, 'username': 'Admin'}, '208419974': {'element_id': 2, 'peer_id': 208419974, 'username': 'ryup'}, '1331292983': {'element_id': 1, 'peer_id': 1331292983, 'username': 'rilakuma'}, '2056525103': {'element_id': 0, 'peer_id': 2056525103, 'username': 'abigail'}}",1,3,2,Nebulous Nomads,True,True,False,9a182fb0-51c7-4609-bcfa-f4b9821bf8a5.,1711420609.99489,686000,True,10,35500,3,6495,9a182fb0-51c7-4609-bcfa-f4b9821bf8a5.
1.0.0.40,"{'1': {'element_id': -1, 'peer_id': 1, 'username': 'Admin'}, '495969849': {'element_id': 2, 'peer_id': 495969849, 'username': 'shiba'}, '1278566394': {'element_id': 1, 'peer_id': 1278566394, 'username': 'Luna'}, '2107979354': {'element_id': 0, 'peer_id': 2107979354, 'username': 'mogusman'}}",1,0,0,Team Titans,True,True,False,88dee18c-3fe0-4856-a126-6e36cade1a0f.,1711848010.86806,0,False,0,0,0,4500,88dee18c-3fe0-4856-a126-6e36cade1a0f.
1.0.0.40,"{'1': {'element_id': -1, 'peer_id': 1, 'username': 'Admin'}, '495969849': {'element_id': 2, 'peer_id': 495969849, 'username': 'shiba'}, '1278566394': {'element_id': 1, 'peer_id': 1278566394, 'username': 'Luna'}, '2107979354': {'element_id': 0, 'peer_id': 2107979354, 'username': 'mogusman'}}",1,1,0,Team Titans,True,True,False,88dee18c-3fe0-4856-a126-6e36cade1a0f.,1711848524.08673,13800,True,10,12300,1,5,88dee18c-3fe0-4856-a126-6e36cade1a0f.
1.0.0.40,"{'1': {'element_id': -1, 'peer_id': 1, 'username': 'Admin'}, '495969849': {'element_id': 2, 'peer_id': 495969849, 'username': 'shiba'}, '1278566394': {'element_id': 1, 'peer_id': 1278566394, 'username': 'Luna'}, '2107979354': {'element_id': 0, 'peer_id': 2107979354, 'username': 'mogusman'}}",1,1,1,Team Titans,True,True,False,88dee18c-3fe0-4856-a126-6e36cade1a0f.,1711848884.56788,105900,True,10,12900,1,920,88dee18c-3fe0-4856-a126-6e36cade1a0f.
1.0.0.40,"{'1': {'element_id': -1, 'peer_id': 1, 'username': 'Admin'}, '495969849': {'element_id': 2, 'peer_id': 495969849, 'username': 'shiba'}, '1278566394': {'element_id': 1, 'peer_id': 1278566394, 'username': 'Luna'}, '2107979354': {'element_id': 0, 'peer_id': 2107979354, 'username': 'mogusman'}}",1,1,2,Team Titans,True,True,False,88dee18c-3fe0-4856-a126-6e36cade1a0f.,1711849265.03196,109700,True,10,23700,1,850,88dee18c-3fe0-4856-a126-6e36cade1a0f.
1.0.0.40,"{'1': {'element_id': -1, 'peer_id': 1, 'username': 'Admin'}, '495969849': {'element_id': 2, 'peer_id': 495969849, 'username': 'shiba'}, '1278566394': {'element_id': 1, 'peer_id': 1278566394, 'username': 'Luna'}, '2107979354': {'element_id': 0, 'peer_id': 2107979354, 'username': 'mogusman'}}",1,2,0,Team Titans,True,True,False,88dee18c-3fe0-4856-a126-6e36cade1a0f.,1711849699.19083,729900,True,9,27200,2,7018,88dee18c-3fe0-4856-a126-6e36cade1a0f.
1.0.0.40,"{'1': {'element_id': -1, 'peer_id': 1, 'username': 'Admin'}, '495969849': {'element_id': 2, 'peer_id': 495969849, 'username': 'shiba'}, '1278566394': {'element_id': 1, 'peer_id': 1278566394, 'username': 'Luna'}, '2107979354': {'element_id': 0, 'peer_id': 2107979354, 'username': 'mogusman'}}",1,2,1,Team Titans,True,True,False,88dee18c-3fe0-4856-a126-6e36cade1a0f.,1711850131.10432,1007300,True,10,41900,2,9644,88dee18c-3fe0-4856-a126-6e36cade1a0f.
1.0.0.40,"{'1': {'element_id': -1, 'peer_id': 1, 'username': 'Admin'}, '495969849': {'element_id': 2, 'peer_id': 495969849, 'username': 'shiba'}, '1278566394': {'element_id': 1, 'peer_id': 1278566394, 'username': 'Luna'}, '2107979354': {'element_id': 0, 'peer_id': 2107979354, 'username': 'mogusman'}}",1,2,2,Team Titans,True,True,False,88dee18c-3fe0-4856-a126-6e36cade1a0f.,1711850547.39906,1342300,True,10,148900,2,11924,88dee18c-3fe0-4856-a126-6e36cade1a0f.
1.0.0.40,"{'1': {'element_id': -1, 'peer_id': 1, 'username': 'Admin'}, '495969849': {'element_id': 2, 'peer_id': 495969849, 'username': 'shiba'}, '1278566394': {'element_id': 1, 'peer_id': 1278566394, 'username': 'Luna'}, '2107979354': {'element_id': 0, 'peer_id': 2107979354, 'username': 'mogusman'}}",1,3,0,Team Titans,True,True,False,88dee18c-3fe0-4856-a126-6e36cade1a0f.,1711850989.04278,1899500,True,10,69500,3,18290,88dee18c-3fe0-4856-a126-6e36cade1a0f.
1.0.0.40,"{'1': {'element_id': -1, 'peer_id': 1, 'username': 'Admin'}, '495969849': {'element_id': 2, 'peer_id': 495969849, 'username': 'shiba'}, '1278566394': {'element_id': 1, 'peer_id': 1278566394, 'username': 'Luna'}, '2107979354': {'element_id': 0, 'peer_id': 2107979354, 'username': 'mogusman'}}",1,3,1,Team Titans,True,True,False,88dee18c-3fe0-4856-a126-6e36cade1a0f.,1711851354.1718,2345300,True,2,64400,3,22807,88dee18c-3fe0-4856-a126-6e36cade1a0f.
1.0.0.40,"{'1': {'element_id': -1, 'peer_id': 1, 'username': 'Admin'}, '495969849': {'element_id': 2, 'peer_id': 495969849, 'username': 'shiba'}, '1278566394': {'element_id': 1, 'peer_id': 1278566394, 'username': 'Luna'}, '2107979354': {'element_id': 0, 'peer_id': 2107979354, 'username': 'mogusman'}}",1,3,2,Team Titans,True,True,False,88dee18c-3fe0-4856-a126-6e36cade1a0f.,1711851795.98776,2082200,True,10,40800,3,20404,88dee18c-3fe0-4856-a126-6e36cade1a0f.
1.0.0.40,"{'1': {'element_id': -1, 'peer_id': 1, 'username': 'Admin'}, '99732846': {'element_id': 3, 'peer_id': 99732846, 'username': 'Xster'}, '253754582': {'element_id': 2, 'peer_id': 253754582, 'username': 'cephcyn'}, '805108439': {'element_id': 0, 'peer_id': 805108439, 'username': 'sonyaa'}, '1487569597': {'element_id': 1, 'peer_id': 1487569597, 'username': 'Flippy'}}",1,0,0,Heroes McHeroface :),True,True,False,129e012e-dcdf-4eac-bd73-c65283779359.,1712443852.31217,4700,True,9,2800,0,10,2c91b39a-1bfc-499b-b246-b93f491f4465.
1.0.0.40,"{'1': {'element_id': -1, 'peer_id': 1, 'username': 'Admin'}, '455483790': {'element_id': 3, 'peer_id': 455483790, 'username': 'Flippy'}, '1413249969': {'element_id': 2, 'peer_id': 1413249969, 'username': 'cephcyn'}, '1565782155': {'element_id': 0, 'peer_id': 1565782155, 'username': 'sonyaa'}, '2139084461': {'element_id': 1, 'peer_id': 2139084461, 'username': 'Xster'}}",1,1,0,Heroes McHeroFace :),True,True,False,a59f1e97-f3f1-4171-8a91-90485e11d6ef.,1712444859.99303,19000,True,10,17000,1,10,2c91b39a-1bfc-499b-b246-b93f491f4465.
1.0.0.40,"{'1': {'element_id': -1, 'peer_id': 1, 'username': 'Admin'}, '455483790': {'element_id': 3, 'peer_id': 455483790, 'username': 'Flippy'}, '1413249969': {'element_id': 2, 'peer_id': 1413249969, 'username': 'cephcyn'}, '1565782155': {'element_id': 0, 'peer_id': 1565782155, 'username': 'sonyaa'}, '2139084461': {'element_id': 1, 'peer_id': 2139084461, 'username': 'Xster'}}",1,1,1,Heroes McHeroFace :),True,True,False,a59f1e97-f3f1-4171-8a91-90485e11d6ef.,1712445240.92875,99300,True,10,17800,1,805,2c91b39a-1bfc-499b-b246-b93f491f4465.
1.0.0.40,"{'1': {'element_id': -1, 'peer_id': 1, 'username': 'Admin'}, '455483790': {'element_id': 3, 'peer_id': 455483790, 'username': 'Flippy'}, '1413249969': {'element_id': 2, 'peer_id': 1413249969, 'username': 'cephcyn'}, '1565782155': {'element_id': 0, 'peer_id': 1565782155, 'username': 'sonyaa'}, '2139084461': {'element_id': 1, 'peer_id': 2139084461, 'username': 'Xster'}}",1,1,2,Heroes McHeroFace :),True,True,False,a59f1e97-f3f1-4171-8a91-90485e11d6ef.,1712445618.40228,661800,True,10,13800,1,6470,2c91b39a-1bfc-499b-b246-b93f491f4465.
1.0.0.40,"{'1': {'element_id': -1, 'peer_id': 1, 'username': 'Admin'}, '455483790': {'element_id': 3, 'peer_id': 455483790, 'username': 'Flippy'}, '1413249969': {'element_id': 2, 'peer_id': 1413249969, 'username': 'cephcyn'}, '1565782155': {'element_id': 0, 'peer_id': 1565782155, 'username': 'sonyaa'}, '2139084461': {'element_id': 1, 'peer_id': 2139084461, 'username': 'Xster'}}",1,2,0,Heroes McHeroFace :),True,True,False,a59f1e97-f3f1-4171-8a91-90485e11d6ef.,1712446036.76895,14100,False,0,14100,2,11739,2c91b39a-1bfc-499b-b246-b93f491f4465.
1.0.0.40,"{'1': {'element_id': -1, 'peer_id': 1, 'username': 'Admin'}, '455483790': {'element_id': 3, 'peer_id': 455483790, 'username': 'Flippy'}, '1413249969': {'element_id': 2, 'peer_id': 1413249969, 'username': 'cephcyn'}, '1565782155': {'element_id': 0, 'peer_id': 1565782155, 'username': 'sonyaa'}, '2139084461': {'element_id': 1, 'peer_id': 2139084461, 'username': 'Xster'}}",1,2,1,Heroes McHeroFace :),True,True,False,a59f1e97-f3f1-4171-8a91-90485e11d6ef.,1712446470.15088,291900,True,10,19000,2,2719,2c91b39a-1bfc-499b-b246-b93f491f4465.
1.0.0.40,"{'1': {'element_id': -1, 'peer_id': 1, 'username': 'Admin'}, '455483790': {'element_id': 3, 'peer_id': 455483790, 'username': 'Flippy'}, '1413249969': {'element_id': 2, 'peer_id': 1413249969, 'username': 'cephcyn'}, '1565782155': {'element_id': 0, 'peer_id': 1565782155, 'username': 'sonyaa'}, '2139084461': {'element_id': 1, 'peer_id': 2139084461, 'username': 'Xster'}}",1,2,2,Heroes McHeroFace :),True,True,False,a59f1e97-f3f1-4171-8a91-90485e11d6ef.,1712446904.24821,422900,True,10,25300,2,3966,2c91b39a-1bfc-499b-b246-b93f491f4465.
1.0.0.40,"{'1': {'element_id': -1, 'peer_id': 1, 'username': 'Admin'}, '455483790': {'element_id': 3, 'peer_id': 455483790, 'username': 'Flippy'}, '1413249969': {'element_id': 2, 'peer_id': 1413249969, 'username': 'cephcyn'}, '1565782155': {'element_id': 0, 'peer_id': 1565782155, 'username': 'sonyaa'}, '2139084461': {'element_id': 1, 'peer_id': 2139084461, 'username': 'Xster'}}",1,3,0,Heroes McHeroFace :),True,True,False,a59f1e97-f3f1-4171-8a91-90485e11d6ef.,1712447346.97905,1488700,True,10,26200,3,14615,2c91b39a-1bfc-499b-b246-b93f491f4465.
1.0.0.40,"{'1': {'element_id': -1, 'peer_id': 1, 'username': 'Admin'}, '455483790': {'element_id': 3, 'peer_id': 455483790, 'username': 'Flippy'}, '1413249969': {'element_id': 2, 'peer_id': 1413249969, 'username': 'cephcyn'}, '1565782155': {'element_id': 0, 'peer_id': 1565782155, 'username': 'sonyaa'}, '2139084461': {'element_id': 1, 'peer_id': 2139084461, 'username': 'Xster'}}",1,3,1,Heroes McHeroFace :),True,True,False,a59f1e97-f3f1-4171-8a91-90485e11d6ef.,1712447762.80824,1451400,True,10,25400,3,14250,2c91b39a-1bfc-499b-b246-b93f491f4465.
1.0.0.40,"{'1': {'element_id': -1, 'peer_id': 1, 'username': 'Admin'}, '455483790': {'element_id': 1, 'peer_id': 455483790, 'username': 'Flippy'}, '478263361': {'element_id': 2, 'peer_id': 478263361, 'username': 'cephcyn'}, '1565782155': {'element_id': 0, 'peer_id': 1565782155, 'username': 'sonyaa'}}",1,3,2,Heroes McHeroface --,True,True,False,2c91b39a-1bfc-499b-b246-b93f491f4465.,1712448573.88129,0,False,0,0,3,22796,2c91b39a-1bfc-499b-b246-b93f491f4465.
1.0.0.40,"{'1': {'element_id': -1, 'peer_id': 1, 'username': 'Admin'}, '473319416': {'element_id': 1, 'peer_id': 473319416, 'username': 'dvnguye5'}, '948553740': {'element_id': 0, 'peer_id': 948553740, 'username': 'Sergio'}, '1705649127': {'element_id': 2, 'peer_id': 1705649127, 'username': '1234'}}",1,0,0,Planning Pioneers,True,True,False,0ddfe2ad-23b3-4a66-b380-9160b705b6d6.,1713672006.19145,0,False,0,0,0,2600,21b84756-541a-43bf-aaab-3a03093c2d6e.
1.0.0.40,"{'1': {'element_id': -1, 'peer_id': 1, 'username': 'Admin'}, '473319416': {'element_id': 1, 'peer_id': 473319416, 'username': 'dvnguye5'}, '948553740': {'element_id': 0, 'peer_id': 948553740, 'username': 'Sergio'}, '1705649127': {'element_id': 2, 'peer_id': 1705649127, 'username': '1234'}}",1,1,0,Planning Pioneers,True,True,False,0ddfe2ad-23b3-4a66-b380-9160b705b6d6.,1713672415.50092,20100,True,10,12100,1,70,21b84756-541a-43bf-aaab-3a03093c2d6e.
1.0.0.40,"{'1': {'element_id': -1, 'peer_id': 1, 'username': 'Admin'}, '473319416': {'element_id': 1, 'peer_id': 473319416, 'username': 'dvnguye5'}, '948553740': {'element_id': 0, 'peer_id': 948553740, 'username': 'Sergio'}, '1705649127': {'element_id': 2, 'peer_id': 1705649127, 'username': '1234'}}",1,1,1,Planning Pioneers,True,True,False,0ddfe2ad-23b3-4a66-b380-9160b705b6d6.,1713672710.20913,360900,True,10,14900,1,3450,21b84756-541a-43bf-aaab-3a03093c2d6e.
1.0.0.40,"{'1': {'element_id': -1, 'peer_id': 1, 'username': 'Admin'}, '473319416': {'element_id': 1, 'peer_id': 473319416, 'username': 'dvnguye5'}, '948553740': {'element_id': 0, 'peer_id': 948553740, 'username': 'Sergio'}, '1705649127': {'element_id': 2, 'peer_id': 1705649127, 'username': '1234'}}",1,1,2,Planning Pioneers,True,True,False,0ddfe2ad-23b3-4a66-b380-9160b705b6d6.,1713672914.29228,596200,True,10,14200,1,5810,21b84756-541a-43bf-aaab-3a03093c2d6e.
1.0.0.40,"{'1': {'element_id': -1, 'peer_id': 1, 'username': 'Admin'}, '473319416': {'element_id': 1, 'peer_id': 473319416, 'username': 'dvnguye5'}, '948553740': {'element_id': 0, 'peer_id': 948553740, 'username': 'Sergio'}, '1705649127': {'element_id': 2, 'peer_id': 1705649127, 'username': '1234'}}",1,2,0,Planning Pioneers,True,True,False,0ddfe2ad-23b3-4a66-b380-9160b705b6d6.,1713673326.5538,18900,False,0,18900,2,8770,21b84756-541a-43bf-aaab-3a03093c2d6e.
1.0.0.40,"{'1': {'element_id': -1, 'peer_id': 1, 'username': 'Admin'}, '473319416': {'element_id': 1, 'peer_id': 473319416, 'username': 'dvnguye5'}, '948553740': {'element_id': 0, 'peer_id': 948553740, 'username': 'Sergio'}, '1705649127': {'element_id': 2, 'peer_id': 1705649127, 'username': '1234'}}",1,2,1,Planning Pioneers,True,True,False,0ddfe2ad-23b3-4a66-b380-9160b705b6d6.,1713673763.22109,302500,True,6,54400,2,2475,21b84756-541a-43bf-aaab-3a03093c2d6e.
1.0.0.40,"{'1': {'element_id': -1, 'peer_id': 1, 'username': 'Admin'}, '719570724': {'element_id': 2, 'peer_id': 719570724, 'username': 'dvnguye5'}, '837653116': {'element_id': 0, 'peer_id': 837653116, 'username': '1234'}, '1657543506': {'element_id': 1, 'peer_id': 1657543506, 'username': 'Sergio'}}",1,2,2,Riddle Resolvers,True,True,False,21b84756-541a-43bf-aaab-3a03093c2d6e.,1713674685.59328,4800,False,0,4800,2,5990,21b84756-541a-43bf-aaab-3a03093c2d6e.
1.0.0.40,"{'1': {'element_id': -1, 'peer_id': 1, 'username': 'Admin'}, '719570724': {'element_id': 2, 'peer_id': 719570724, 'username': 'dvnguye5'}, '837653116': {'element_id': 0, 'peer_id': 837653116, 'username': '1234'}, '1657543506': {'element_id': 1, 'peer_id': 1657543506, 'username': 'Sergio'}}",1,3,0,Riddle Resolvers,True,True,False,21b84756-541a-43bf-aaab-3a03093c2d6e.,1713675142.0239,289400,True,6,31600,3,2572,21b84756-541a-43bf-aaab-3a03093c2d6e.
1.0.0.40,"{'1': {'element_id': -1, 'peer_id': 1, 'username': 'Admin'}, '719570724': {'element_id': 2, 'peer_id': 719570724, 'username': 'dvnguye5'}, '837653116': {'element_id': 0, 'peer_id': 837653116, 'username': '1234'}, '1657543506': {'element_id': 1, 'peer_id': 1657543506, 'username': 'Sergio'}}",1,3,1,Riddle Resolvers,True,True,False,21b84756-541a-43bf-aaab-3a03093c2d6e.,1713675578.80355,137700,True,10,32100,3,1046,21b84756-541a-43bf-aaab-3a03093c2d6e.
1.0.0.40,"{'1': {'element_id': -1, 'peer_id': 1, 'username': 'Admin'}, '719570724': {'element_id': 2, 'peer_id': 719570724, 'username': 'dvnguye5'}, '837653116': {'element_id': 0, 'peer_id': 837653116, 'username': '1234'}, '1657543506': {'element_id': 1, 'peer_id': 1657543506, 'username': 'Sergio'}}",1,3,2,Riddle Resolvers,True,True,False,21b84756-541a-43bf-aaab-3a03093c2d6e.,1713676015.826,1700,False,0,1700,3,5034,21b84756-541a-43bf-aaab-3a03093c2d6e.
